"DayOfWeek","Average_Departure_Delay"
"3","0.2694802423828625"
"2","0.2853753601084562"
"6","0.3061177482264058"
"1","0.32160825355042777"
"4","0.3336864406779661"
"7","0.3527488693946494"
"5","0.3573148666415006"
